{
    "loss": 15.487403869628906,
    "accuracy": 0.3333333432674408
}