{
    "loss": 27.988466262817383,
    "accuracy": 0.6666666865348816
}